Abed,abed@gmail.com,abed,abed1
Rolan,rolan@gmail.com,rolan,rolan
Diana,diana@gmail.com,diana,diana
Rana,rana@gmail.com,rana1,rana1
Clara,clara@hotmail.com,clara,clara
Liron,liron@gmail.com,liron,liron
Karina,karina@gmail.com,karina,karina
Mark,mark@gmail.com,mark,mark3
Some1,some1@gmail.com,some1,some
0000,0000,0000,0000
Nadim,nadim@gmail.com,nadim,nadim
Liran,liran@gmail.com,liran,liran
